category_main,count,ratio,avg_reward,avg_steps
success,997,0.997,289.16029930495193,156.83650952858576
fuel_waste,2,0.002,51.52913656076336,113.0
unstable_attitude,1,0.001,51.211622028429076,118.0
