episode_idx,total_reward,step_count,success,crash,timeout,elapsed_time_sec
0,-268.6678719633886,118,0,1,0,0.008747100830078125
0,-426.5261781445417,118,0,1,0,0.009001493453979492
0,-400.70340588955776,112,0,1,0,0.00500035285949707
0,-406.61407490288906,124,0,1,0,2.5440917015075684
0,-286.8439747674829,121,0,1,0,2.483837604522705
